{
  "model_type": "logistic_link_predictor_baseline",
  "feature_schema": [
    "src_cpu_last",
    "src_cpu_mean",
    "src_cpu_rate",
    "dst_cpu_last",
    "dst_cpu_mean",
    "dst_cpu_rate",
    "abs_cpu_last_diff",
    "abs_cpu_mean_diff",
    "abs_cpu_rate_diff",
    "src_out_degree",
    "dst_in_degree",
    "src_out_weight",
    "dst_in_weight"
  ],
  "weights": [
    0.0,
    0.0,
    0.0,
    0.3953000323916398,
    0.39530003239163997,
    0.3953000323916398,
    0.3953000323916398,
    0.39530003239163997,
    0.3953000323916398,
    1.1542445589190855,
    0.0,
    -1.2958618004849618,
    -1.6238368018334537
  ],
  "bias": -0.3271198219923072,
  "feature_mean": [
    0.0,
    0.0,
    0.0,
    3.7020428986923077,
    1.8254257448878475,
    0.001996451436312077,
    3.7020428986923077,
    1.8254257448878475,
    0.001996451436312077,
    1.8461538461538463,
    1.0,
    3.5384615384615383,
    1.8076923076923077
  ],
  "feature_std": [
    1.0,
    1.0,
    1.0,
    18.51021449346154,
    9.127128724439237,
    0.009982257181560386,
    18.51021449346154,
    9.127128724439237,
    0.009982257181560386,
    1.063098073929635,
    1.0,
    3.8253282335865713,
    1.6176723726779303
  ],
  "train_metrics": {
    "accuracy": 0.7692307692307693,
    "precision": 0.75,
    "recall": 0.75,
    "f1": 0.75
  },
  "test_metrics": {
    "accuracy": 0.5,
    "precision": 0.6666666666666666,
    "recall": 0.2857142857142857,
    "f1": 0.4
  }
}