{
  "node_to_index": {
    "compose-post-redis": 0,
    "compose-post-service": 1,
    "nginx-thrift": 2,
    "post-storage-mongodb": 3,
    "post-storage-service": 4,
    "social-graph-mongodb": 5,
    "social-graph-redis": 6,
    "social-graph-service": 7,
    "user-timeline-redis": 8,
    "user-timeline-service": 9
  },
  "embeddings": [
    [
      0.048999999999999995,
      0.0,
      0.048999999999999995,
      0.48999999999999994
    ],
    [
      0.11649999999999999,
      0.11899999999999997,
      0.2355,
      0.955
    ],
    [
      0.055499999999999994,
      0.13749999999999998,
      0.19299999999999998,
      1.0
    ],
    [
      0.048999999999999995,
      0.0,
      0.048999999999999995,
      0.48999999999999994
    ],
    [
      0.13999999999999999,
      0.048999999999999995,
      0.18899999999999997,
      0.9099999999999999
    ],
    [
      0.048999999999999995,
      0.0,
      0.048999999999999995,
      0.48999999999999994
    ],
    [
      0.048999999999999995,
      0.0,
      0.048999999999999995,
      0.48999999999999994
    ],
    [
      0.041999999999999996,
      0.09799999999999999,
      0.13999999999999999,
      0.9099999999999999
    ],
    [
      0.048999999999999995,
      0.0,
      0.048999999999999995,
      0.48999999999999994
    ],
    [
      0.0675,
      0.11899999999999997,
      0.1865,
      0.955
    ]
  ],
  "weights": [
    0.801159738748709,
    -0.21480962765787928,
    0.7181155297094947,
    -0.1924973569093058
  ],
  "bias": -0.1924973569093058,
  "threshold": 0.25
}